DoctorID,DoctorName,DepartmentID,ExperienceYears,Specialization
1,Dr. Aarav Sharma,1,8,Cardiology
2,Dr. Ananya Rao,1,21,Cardiology
3,Dr. Vikram Patel,1,16,Cardiology
4,Dr. Meera Nair,1,12,Cardiology
5,Dr. Rohan Mehta,1,9,Cardiology
6,Dr. Ishita Singh,2,22,Neurology
7,Dr. Arjun Kapoor,2,8,Neurology
8,Dr. Neha Iyer,2,20,Neurology
9,Dr. Karan Joshi,2,24,Neurology
10,Dr. Pooja Reddy,2,12,Neurology
11,Dr. Rahul Verma,3,12,Orthopedics
12,Dr. Sneha Kulkarni,3,25,Orthopedics
13,Dr. Aditya Shah,3,22,Orthopedics
14,Dr. Kavya Menon,3,5,Orthopedics
15,Dr. Nikhil Desai,3,9,Orthopedics
16,Dr. Priya Gupta,4,25,Pediatrics
17,Dr. Manish Kumar,4,4,Pediatrics
18,Dr. Riya Bose,4,23,Pediatrics
19,Dr. Siddharth Jain,4,22,Pediatrics
20,Dr. Tanya Das,4,3,Pediatrics
21,Dr. Amit Mishra,5,25,General Medicine
22,Dr. Shreya Roy,5,13,General Medicine
23,Dr. Varun Malhotra,5,7,General Medicine
24,Dr. Nandini Rao,5,3,General Medicine
25,Dr. Harsh Agarwal,5,22,General Medicine
26,Dr. Simran Kaur,6,2,Dermatology
27,Dr. Rajiv Sinha,6,13,Dermatology
28,Dr. Aditi Joshi,6,23,Dermatology
29,Dr. Mohit Bansal,6,13,Dermatology
30,Dr. Divya Pillai,6,18,Dermatology
31,Dr. Sanjay Rao,7,11,Gynecology
32,Dr. Anjali Shah,7,17,Gynecology
33,Dr. Deepak Nair,7,16,Gynecology
34,Dr. Maya Iyer,7,16,Gynecology
35,Dr. Yash Patel,7,20,Gynecology
36,Dr. Kriti Mehta,8,13,Oncology
37,Dr. Abhishek Singh,8,24,Oncology
38,Dr. Ritu Verma,8,21,Oncology
39,Dr. Vivek Kapoor,8,4,Oncology
40,Dr. Nisha Reddy,8,6,Oncology
41,Dr. Gaurav Jain,9,20,ENT
42,Dr. Snehal Desai,9,8,ENT
43,Dr. Manoj Gupta,9,22,ENT
44,Dr. Pallavi Bose,9,10,ENT
45,Dr. Rakesh Kumar,9,8,ENT
46,Dr. Sonal Mishra,10,19,Emergency
47,Dr. Akash Roy,10,5,Emergency
48,Dr. Swati Malhotra,10,15,Emergency
49,Dr. Kunal Agarwal,10,19,Emergency
50,Dr. Monika Kaur,10,10,Emergency
